{
    "name": "root",
    "metadata": {
        "timer_format_version": "0.1.0",
        "start_time_seconds": "1670835653",
        "python_version": "3.9.0 (tags/v3.9.0:9cf6752, Oct  5 2020, 15:34:40) [MSC v.1927 64 bit (AMD64)]",
        "command_line_arguments": "C:\\Users\\Alex\\python-envs\\mlAgent-env\\Scripts\\mlagents-learn Joined.yaml --run-id=POCA-Mace-RemovedPenalties",
        "mlagents_version": "0.30.0",
        "mlagents_envs_version": "0.30.0",
        "communication_protocol_version": "1.5.0",
        "pytorch_version": "1.7.1+cu110",
        "numpy_version": "1.21.2",
        "end_time_seconds": "1670835848"
    },
    "total": 194.64779190000002,
    "count": 1,
    "self": 0.007829300000025796,
    "children": {
        "run_training.setup": {
            "total": 0.13540819999999987,
            "count": 1,
            "self": 0.13540819999999987
        },
        "TrainerController.start_learning": {
            "total": 194.5045544,
            "count": 1,
            "self": 0.11667499999964548,
            "children": {
                "TrainerController._reset_env": {
                    "total": 10.473006,
                    "count": 1,
                    "self": 10.473006
                },
                "TrainerController.advance": {
                    "total": 183.80088000000035,
                    "count": 4063,
                    "self": 0.05806640000054131,
                    "children": {
                        "env_step": {
                            "total": 183.7428135999998,
                            "count": 4063,
                            "self": 152.69368810000032,
                            "children": {
                                "SubprocessEnvManager._take_step": {
                                    "total": 30.997857399999987,
                                    "count": 4063,
                                    "self": 0.6300888000000953,
                                    "children": {
                                        "TorchPolicy.evaluate": {
                                            "total": 30.36776859999989,
                                            "count": 8116,
                                            "self": 30.36776859999989
                                        }
                                    }
                                },
                                "workers": {
                                    "total": 0.05126809999950588,
                                    "count": 4062,
                                    "self": 0.0,
                                    "children": {
                                        "worker_root": {
                                            "total": 122.06468189999956,
                                            "count": 4062,
                                            "is_parallel": true,
                                            "self": 47.653023499999534,
                                            "children": {
                                                "steps_from_proto": {
                                                    "total": 0.0025170000000009907,
                                                    "count": 2,
                                                    "is_parallel": true,
                                                    "self": 0.00034240000000096416,
                                                    "children": {
                                                        "_process_rank_one_or_two_observation": {
                                                            "total": 0.0021746000000000265,
                                                            "count": 10,
                                                            "is_parallel": true,
                                                            "self": 0.0021746000000000265
                                                        }
                                                    }
                                                },
                                                "UnityEnvironment.step": {
                                                    "total": 74.40914140000002,
                                                    "count": 4062,
                                                    "is_parallel": true,
                                                    "self": 2.114831399999076,
                                                    "children": {
                                                        "UnityEnvironment._generate_step_input": {
                                                            "total": 1.8818106000006338,
                                                            "count": 4062,
                                                            "is_parallel": true,
                                                            "self": 1.8818106000006338
                                                        },
                                                        "communicator.exchange": {
                                                            "total": 64.89901269999982,
                                                            "count": 4062,
                                                            "is_parallel": true,
                                                            "self": 64.89901269999982
                                                        },
                                                        "steps_from_proto": {
                                                            "total": 5.5134867000004935,
                                                            "count": 8124,
                                                            "is_parallel": true,
                                                            "self": 0.967950200000196,
                                                            "children": {
                                                                "_process_rank_one_or_two_observation": {
                                                                    "total": 4.545536500000297,
                                                                    "count": 40620,
                                                                    "is_parallel": true,
                                                                    "self": 4.545536500000297
                                                                }
                                                            }
                                                        }
                                                    }
                                                }
                                            }
                                        }
                                    }
                                }
                            }
                        }
                    }
                },
                "TrainerController._save_models": {
                    "total": 0.11399339999999825,
                    "count": 1,
                    "self": 0.0023679999999899337,
                    "children": {
                        "RLTrainer._checkpoint": {
                            "total": 0.11162540000000831,
                            "count": 2,
                            "self": 0.11162540000000831
                        }
                    }
                }
            }
        }
    }
}