{"count":1,"self":539.90487039999994,"total":11079.1121559,"children":{"InitializeActuators":{"count":6060,"self":0.1041718,"total":0.1041718,"children":null},"InitializeSensors":{"count":6060,"self":0.6607404,"total":0.6607404,"children":null},"AgentInfo.ToProto":{"count":6036,"self":0.0806211,"total":6.3636564,"children":{"GenerateSensorData":{"count":6036,"self":0.2650727,"total":6.2830353,"children":{"CameraSensor.GetCompressedObservation":{"count":6036,"self":5.9646776,"total":5.9646775,"children":null},"RayPerceptionSensor.Perceive":{"count":9054,"self":0.053285099999999995,"total":0.053285099999999995,"children":null}}}}},"AgentSendState":{"count":1042234,"self":422.73136639999996,"total":5040.2207260999994,"children":{"CollectObservations":{"count":5001681,"self":12.9417944,"total":12.941794699999999,"children":null},"WriteActionMask":{"count":5001681,"self":12.5288448,"total":12.5288445,"children":null},"RequestDecision":{"count":5001681,"self":54.5884096,"total":4592.0187276999995,"children":{"AgentInfo.ToProto":{"count":5001681,"self":43.2379232,"total":4537.4303199999995,"children":{"GenerateSensorData":{"count":5001681,"self":212.67072,"total":4494.1923961,"children":{"CameraSensor.GetCompressedObservation":{"count":5001681,"self":4232.9800704,"total":4232.9801429,"children":null},"RayPerceptionSensor.Perceive":{"count":7501998,"self":48.541536,"total":48.5415357,"children":null}}}}}}}}},"DecideAction":{"count":1042234,"self":5432.6493184,"total":5432.6493657,"children":null},"AgentAct":{"count":1042234,"self":59.208627199999995,"total":59.2086245,"children":null}},"gauges":{"Cat.CumulativeReward":{"count":3006,"max":2.008797,"min":-118.155739,"runningAverage":-90.8914948,"value":-55.4419327,"weightedAverage":-78.84922},"Mouse.CumulativeReward":{"count":2520,"max":268.465057,"min":268.014923,"runningAverage":268.222046,"value":268.213562,"weightedAverage":268.263123}},"metadata":{"timer_format_version":"0.1.0","start_time_seconds":"1672656559","unity_version":"2021.3.11f1","command_line_arguments":"C:\\Program Files\\Unity\\Hub\\Editor\\2021.3.11f1\\Editor\\Unity.exe -projectpath M:\\Software Engineering\\SEB6\\Game Engines\\Projekte\\ml-Restart - MA-POCA -useHub -hubIPC -cloudEnvironment production","communication_protocol_version":"1.5.0","com.unity.ml-agents_version":"2.3.0-exp.3","scene_name":"JoinedNewGyms","end_time_seconds":"1672667638"}}