{"count":1,"self":2390.5529856,"total":62016.8557744,"children":{"InitializeActuators":{"count":77872,"self":1.1702304,"total":1.1702304,"children":null},"InitializeSensors":{"count":77872,"self":8.1853384,"total":8.1853386999999991,"children":null},"AgentInfo.ToProto":{"count":77842,"self":1.1745766,"total":83.63956979999999,"children":{"GenerateSensorData":{"count":77842,"self":3.64736,"total":82.4649932,"children":{"CameraSensor.GetCompressedObservation":{"count":77842,"self":78.0411392,"total":78.04114,"children":null},"RayPerceptionSensor.Perceive":{"count":116763,"self":0.77649329999999994,"total":0.77649329999999994,"children":null}}}}},"AgentSendState":{"count":5018301,"self":2651.3332224,"total":30312.0412323,"children":{"CollectObservations":{"count":30048687,"self":74.2807808,"total":74.280779,"children":null},"WriteActionMask":{"count":30048687,"self":70.1838016,"total":70.1838032,"children":null},"RequestDecision":{"count":30048687,"self":321.72111359999997,"total":27516.2433323,"children":{"AgentInfo.ToProto":{"count":30048687,"self":248.744832,"total":27194.522218799997,"children":{"GenerateSensorData":{"count":30048687,"self":1183.3358336,"total":26945.777383599998,"children":{"CameraSensor.GetCompressedObservation":{"count":30048687,"self":25486.483455999998,"total":25486.4837437,"children":null},"RayPerceptionSensor.Perceive":{"count":45042459,"self":275.95778559999997,"total":275.9577972,"children":null}}}}}}}}},"DecideAction":{"count":5018301,"self":28885.9488256,"total":28885.9477113,"children":null},"AgentAct":{"count":5018301,"self":335.3176832,"total":335.3176835,"children":null}},"gauges":{"Cat.CumulativeReward":{"count":38906,"max":3.23421669,"min":-119.479851,"runningAverage":-30.6975765,"value":-11.5360651,"weightedAverage":-10.9044666},"Mouse.CumulativeReward":{"count":9144,"max":268.644043,"min":267.913818,"runningAverage":268.4138,"value":268.29306,"weightedAverage":268.313843}},"metadata":{"timer_format_version":"0.1.0","start_time_seconds":"1673092154","unity_version":"2021.3.11f1","command_line_arguments":"C:\\Program Files\\Unity\\Hub\\Editor\\2021.3.11f1\\Editor\\Unity.exe -projectpath M:\\Software Engineering\\SEB6\\Game Engines\\Projekte\\ml-Restart - MA-POCA -useHub -hubIPC -cloudEnvironment production","communication_protocol_version":"1.5.0","com.unity.ml-agents_version":"2.3.0-exp.3","scene_name":"JoindNewGymCamera","end_time_seconds":"1673154170"}}