{"count":1,"self":4802.0332543999994,"total":37479.6639906,"children":{"InitializeActuators":{"count":126234,"self":1.1065437,"total":1.1065437,"children":null},"InitializeSensors":{"count":126234,"self":2.0877548,"total":2.0877548,"children":null},"AgentInfo.ToProto":{"count":126210,"self":0.75858249999999994,"total":4.2346743999999994,"children":{"GenerateSensorData":{"count":126210,"self":2.5767835999999997,"total":3.4760918999999997,"children":{"RayPerceptionSensor.Perceive":{"count":315525,"self":0.8993082,"total":0.8993082,"children":null}}}}},"AgentSendState":{"count":6300167,"self":3364.6768128,"total":4233.1026319,"children":{"CollectObservations":{"count":30120874,"self":25.092119999999998,"total":25.092119999999998,"children":null},"WriteActionMask":{"count":30120874,"self":22.440907199999998,"total":22.440907499999998,"children":null},"RequestDecision":{"count":30120874,"self":86.2015808,"total":820.8927529,"children":{"AgentInfo.ToProto":{"count":30120874,"self":82.320531199999991,"total":734.6911736,"children":{"GenerateSensorData":{"count":30120874,"self":451.8317568,"total":652.37064509999993,"children":{"RayPerceptionSensor.Perceive":{"count":75242214,"self":200.5389056,"total":200.5388998,"children":null}}}}}}}}},"DecideAction":{"count":6300167,"self":28139.9853056,"total":28139.9844795,"children":null},"AgentAct":{"count":6300167,"self":297.1134464,"total":297.113455,"children":null}},"gauges":{"Cat.CumulativeReward":{"count":63093,"max":3.280465,"min":-118.141624,"runningAverage":-17.6167736,"value":-11.3161554,"weightedAverage":-8.966969},"Mouse.CumulativeReward":{"count":5467,"max":268.58374,"min":267.237579,"runningAverage":268.301,"value":267.741272,"weightedAverage":267.796875}},"metadata":{"timer_format_version":"0.1.0","start_time_seconds":"1672848864","unity_version":"2021.3.11f1","command_line_arguments":"I:\\Unity\\2021.3.11f1\\Editor\\Unity.exe -projectpath I:\\Users\\Alex\\github\\CatAndMouse--Unity-ml-Agents -useHub -hubIPC -cloudEnvironment production","communication_protocol_version":"1.5.0","com.unity.ml-agents_version":"2.3.0-exp.3","scene_name":"JoinedNewGyms","end_time_seconds":"1672886344"}}