{"count":1,"self":3685.3768191999998,"total":90751.532322599989,"children":{"InitializeActuators":{"count":229540,"self":3.43239,"total":3.4323899,"children":null},"InitializeSensors":{"count":229540,"self":24.4441696,"total":24.444169499999997,"children":null},"AgentInfo.ToProto":{"count":229510,"self":3.5251927999999997,"total":245.2964127,"children":{"GenerateSensorData":{"count":229510,"self":11.0731824,"total":241.77122,"children":{"CameraSensor.GetCompressedObservation":{"count":229510,"self":228.30853119999998,"total":228.30852489999998,"children":null},"RayPerceptionSensor.Perceive":{"count":344265,"self":2.3895128,"total":2.3895128999999997,"children":null}}}}},"AgentSendState":{"count":7343501,"self":3774.0261376,"total":43297.7272018,"children":{"CollectObservations":{"count":43839377,"self":110.921472,"total":110.921476,"children":null},"WriteActionMask":{"count":43839377,"self":104.9970304,"total":104.9970335,"children":null},"RequestDecision":{"count":43839377,"self":470.55057919999996,"total":39307.7827102,"children":{"AgentInfo.ToProto":{"count":43839377,"self":368.28684799999996,"total":38837.2321196,"children":{"GenerateSensorData":{"count":43839377,"self":1787.9209984,"total":38468.945274699996,"children":{"CameraSensor.GetCompressedObservation":{"count":43839377,"self":36243.9278592,"total":36243.9277572,"children":null},"RayPerceptionSensor.Perceive":{"count":65648239,"self":437.0964992,"total":437.0965214,"children":null}}}}}}}}},"DecideAction":{"count":7343501,"self":43000.1094656,"total":43000.109391,"children":null},"AgentAct":{"count":7343501,"self":495.1451136,"total":495.1451307,"children":null}},"gauges":{"Cat.CumulativeReward":{"count":114740,"max":3.31783271,"min":-69.30162,"runningAverage":-10.3303833,"value":-67.52878,"weightedAverage":-29.3658829},"Mouse.CumulativeReward":{"count":5319,"max":268.3462,"min":266.3366,"runningAverage":267.707031,"value":267.63974,"weightedAverage":267.725525}},"metadata":{"timer_format_version":"0.1.0","start_time_seconds":"1672751915","unity_version":"2021.3.11f1","command_line_arguments":"C:\\Program Files\\Unity\\Hub\\Editor\\2021.3.11f1\\Editor\\Unity.exe -projectpath M:\\Software Engineering\\SEB6\\Game Engines\\Projekte\\ml-Restart - MA-POCA -useHub -hubIPC -cloudEnvironment production","communication_protocol_version":"1.5.0","com.unity.ml-agents_version":"2.3.0-exp.3","scene_name":"JoindNewGymCamera","end_time_seconds":"1672842666"}}