{"count":1,"self":742.2063104,"total":7149.8481036999992,"children":{"InitializeActuators":{"count":8324,"self":0.1401548,"total":0.1401548,"children":null},"InitializeSensors":{"count":8324,"self":0.3214962,"total":0.3214962,"children":null},"AgentInfo.ToProto":{"count":8300,"self":0.1254549,"total":0.59436349999999993,"children":{"GenerateSensorData":{"count":8300,"self":0.3294968,"total":0.46890859999999995,"children":{"RayPerceptionSensor.Perceive":{"count":20750,"self":0.1394118,"total":0.1394118,"children":null}}}}},"AgentSendState":{"count":1246901,"self":757.5977984,"total":1156.3833313999999,"children":{"CollectObservations":{"count":5982218,"self":18.515639999999998,"total":18.5156393,"children":null},"WriteActionMask":{"count":5982218,"self":13.28276,"total":13.282760099999999,"children":null},"RequestDecision":{"count":5982218,"self":61.016192,"total":366.9871414,"children":{"AgentInfo.ToProto":{"count":5982218,"self":43.4040448,"total":305.9709525,"children":{"GenerateSensorData":{"count":5982218,"self":178.637248,"total":262.5669092,"children":{"RayPerceptionSensor.Perceive":{"count":14954082,"self":83.9296576,"total":83.9296554,"children":null}}}}}}}}},"DecideAction":{"count":1246901,"self":5167.7904896,"total":5167.7906341,"children":null},"AgentAct":{"count":1246901,"self":82.4107904,"total":82.4107906,"children":null}},"gauges":{"Cat.CumulativeReward":{"count":4138,"max":2.68234372,"min":-118.189,"runningAverage":-76.3141556,"value":-85.08371,"weightedAverage":-53.2138634},"Mouse.CumulativeReward":{"count":2707,"max":268.577942,"min":268.108215,"runningAverage":268.3731,"value":268.424133,"weightedAverage":268.4336}},"metadata":{"timer_format_version":"0.1.0","start_time_seconds":"1671469879","unity_version":"2021.3.11f1","command_line_arguments":"C:\\Program Files\\Unity\\Hub\\Editor\\2021.3.11f1\\Editor\\Unity.exe -projectpath M:\\Software Engineering\\SEB6\\Game Engines\\Projekte\\ml-Restart - MA-POCA -useHub -hubIPC -cloudEnvironment production","communication_protocol_version":"1.5.0","com.unity.ml-agents_version":"2.3.0-exp.3","scene_name":"JoinedNewGyms","end_time_seconds":"1671477028"}}