{"count":1,"self":552.56806399999994,"total":15564.806903199998,"children":{"InitializeActuators":{"count":11650,"self":0.1592583,"total":0.1592583,"children":null},"InitializeSensors":{"count":11650,"self":1.3397598,"total":1.3397598,"children":null},"AgentInfo.ToProto":{"count":11626,"self":0.19507629999999998,"total":13.3438257,"children":{"GenerateSensorData":{"count":11626,"self":0.6313103,"total":13.1487494,"children":{"CameraSensor.GetCompressedObservation":{"count":11626,"self":12.3328344,"total":12.332834499999999,"children":null},"RayPerceptionSensor.Perceive":{"count":29065,"self":0.18460459999999998,"total":0.18460459999999998,"children":null}}}}},"AgentSendState":{"count":1253301,"self":690.469376,"total":6552.0598396999994,"children":{"CollectObservations":{"count":6008473,"self":17.425937599999997,"total":17.425936999999998,"children":null},"WriteActionMask":{"count":6008473,"self":15.082276799999999,"total":15.082276799999999,"children":null},"RequestDecision":{"count":6008473,"self":70.4689344,"total":5829.0822503,"children":{"AgentInfo.ToProto":{"count":6008473,"self":57.836991999999995,"total":5758.6133137,"children":{"GenerateSensorData":{"count":6008473,"self":282.047616,"total":5700.7763236,"children":{"CameraSensor.GetCompressedObservation":{"count":6008473,"self":5333.1353599999993,"total":5333.1354426,"children":null},"RayPerceptionSensor.Perceive":{"count":15017487,"self":85.593254399999992,"total":85.5932543,"children":null}}}}}}}}},"DecideAction":{"count":1253301,"self":8373.6715264,"total":8373.6713652999988,"children":null},"AgentAct":{"count":1253301,"self":71.6613504,"total":71.6613473,"children":null}},"gauges":{"Cat.CumulativeReward":{"count":5801,"max":3.11973357,"min":-87.15336,"runningAverage":-42.91693,"value":-74.39425,"weightedAverage":-54.8603},"Mouse.CumulativeReward":{"count":2186,"max":268.547272,"min":267.993958,"runningAverage":268.307159,"value":268.3736,"weightedAverage":268.3006}},"metadata":{"timer_format_version":"0.1.0","start_time_seconds":"1672907812","unity_version":"2021.3.11f1","command_line_arguments":"C:\\Program Files\\Unity\\Hub\\Editor\\2021.3.11f1\\Editor\\Unity.exe -projectpath M:\\Software Engineering\\SEB6\\Game Engines\\Projekte\\ml-Restart - MA-POCA -useHub -hubIPC -cloudEnvironment production","communication_protocol_version":"1.5.0","com.unity.ml-agents_version":"2.3.0-exp.3","scene_name":"JoinedNewGyms","end_time_seconds":"1672923376"}}