{"count":1,"self":5752.9757696,"total":68035.3443976,"children":{"InitializeActuators":{"count":5613874,"self":77.912339199999991,"total":77.9123381,"children":null},"InitializeSensors":{"count":5613874,"self":190.0541184,"total":190.05411289999998,"children":null},"AgentInfo.ToProto":{"count":5613850,"self":63.8152384,"total":445.10319699999997,"children":{"GenerateSensorData":{"count":5613850,"self":260.6300672,"total":381.2879555,"children":{"RayPerceptionSensor.Perceive":{"count":19648475,"self":120.65789439999999,"total":120.65789149999999,"children":null}}}}},"AgentSendState":{"count":3899301,"self":3811.5577856,"total":5568.5243752999995,"children":{"CollectObservations":{"count":18716664,"self":59.593465599999995,"total":59.5934671,"children":null},"WriteActionMask":{"count":18716664,"self":44.3345408,"total":44.334541,"children":null},"RequestDecision":{"count":18716664,"self":289.0082048,"total":1653.0384026,"children":{"AgentInfo.ToProto":{"count":18716664,"self":153.3051008,"total":1364.0301924999999,"children":{"GenerateSensorData":{"count":18716664,"self":809.33928959999992,"total":1210.7250904,"children":{"RayPerceptionSensor.Perceive":{"count":65508324,"self":401.3858304,"total":401.3858241,"children":null}}}}}}}}},"DecideAction":{"count":3899301,"self":55739.999846399995,"total":55740.000081,"children":null},"AgentAct":{"count":3899301,"self":260.7734784,"total":260.7734782,"children":null}},"gauges":{"Mouse.CumulativeReward":{"count":16,"max":45.6632156,"min":4.972664,"runningAverage":19.68362,"value":19.8651,"weightedAverage":21.9057217},"Cat.CumulativeReward":{"count":2806897,"max":-0.2,"min":-27.7851257,"runningAverage":-0.25494194,"value":-0.2,"weightedAverage":-0.200365886}},"metadata":{"timer_format_version":"0.1.0","start_time_seconds":"1671375645","unity_version":"2021.3.11f1","command_line_arguments":"C:\\Program Files\\Unity\\Hub\\Editor\\2021.3.11f1\\Editor\\Unity.exe -projectpath M:\\Software Engineering\\SEB6\\Game Engines\\Projekte\\ml-Restart - MA-POCA -useHub -hubIPC -cloudEnvironment production","communication_protocol_version":"1.5.0","com.unity.ml-agents_version":"2.3.0-exp.3","scene_name":"JoinedNewGyms","end_time_seconds":"1671443680"}}