{"count":1,"self":8.2843728,"total":58.0151981,"children":{"InitializeActuators":{"count":3690,"self":0.057346299999999996,"total":0.057346299999999996,"children":null},"InitializeSensors":{"count":3690,"self":0.15262009999999998,"total":0.15262009999999998,"children":null},"AgentInfo.ToProto":{"count":3666,"self":0.0597995,"total":0.358467,"children":{"GenerateSensorData":{"count":3666,"self":0.2158262,"total":0.2986675,"children":{"RayPerceptionSensor.Perceive":{"count":12831,"self":0.082841299999999993,"total":0.082841299999999993,"children":null}}}}},"AgentSendState":{"count":3467,"self":3.7164848,"total":5.4093824999999995,"children":{"CollectObservations":{"count":16656,"self":0.0777694,"total":0.0777694,"children":null},"WriteActionMask":{"count":16656,"self":0.0398795,"total":0.0398795,"children":null},"RequestDecision":{"count":16656,"self":0.2653776,"total":1.5752487,"children":{"AgentInfo.ToProto":{"count":16656,"self":0.1409203,"total":1.3098710999999998,"children":{"GenerateSensorData":{"count":16656,"self":0.8058242,"total":1.1689508,"children":{"RayPerceptionSensor.Perceive":{"count":58296,"self":0.36312659999999997,"total":0.36312659999999997,"children":null}}}}}}}}},"DecideAction":{"count":3467,"self":43.479862399999995,"total":43.4798629,"children":null},"AgentAct":{"count":3467,"self":0.27113889999999996,"total":0.27113889999999996,"children":null}},"gauges":{"Cat.CumulativeReward":{"count":1814,"max":-0.2,"min":-65.88267,"runningAverage":-0.4784303,"value":-0.2,"weightedAverage":-0.2067421},"Mouse.CumulativeReward":{"count":6,"max":93.39889,"min":5.966922,"runningAverage":40.8993568,"value":88.4102249,"weightedAverage":47.6841278}},"metadata":{"timer_format_version":"0.1.0","start_time_seconds":"1671375341","unity_version":"2021.3.11f1","command_line_arguments":"C:\\Program Files\\Unity\\Hub\\Editor\\2021.3.11f1\\Editor\\Unity.exe -projectpath M:\\Software Engineering\\SEB6\\Game Engines\\Projekte\\ml-Restart - MA-POCA -useHub -hubIPC -cloudEnvironment production","communication_protocol_version":"1.5.0","com.unity.ml-agents_version":"2.3.0-exp.3","scene_name":"JoinedNewGyms","end_time_seconds":"1671375399"}}