{"count":1,"self":2302.8226047999997,"total":32182.9762687,"children":{"InitializeActuators":{"count":33930,"self":0.492861,"total":0.492861,"children":null},"InitializeSensors":{"count":33930,"self":0.9355443,"total":0.9355443,"children":null},"AgentInfo.ToProto":{"count":33894,"self":0.3544148,"total":2.2374468,"children":{"GenerateSensorData":{"count":33894,"self":1.27789,"total":1.8830319999999998,"children":{"RayPerceptionSensor.Perceive":{"count":84735,"self":0.605142,"total":0.605142,"children":null}}}}},"AgentSendState":{"count":4196151,"self":4007.5206656,"total":5985.4622681,"children":{"CollectObservations":{"count":30106778,"self":78.0734592,"total":78.073459,"children":null},"WriteActionMask":{"count":30106778,"self":63.7504832,"total":63.750484799999995,"children":null},"RequestDecision":{"count":30106778,"self":276.10869759999997,"total":1836.1174695999998,"children":{"AgentInfo.ToProto":{"count":30106778,"self":205.6422144,"total":1560.0087758,"children":{"GenerateSensorData":{"count":30106778,"self":906.463232,"total":1354.3665595999998,"children":{"RayPerceptionSensor.Perceive":{"count":75214176,"self":447.9033344,"total":447.9033224,"children":null}}}}}}}}},"DecideAction":{"count":4196151,"self":23543.814553599997,"total":23543.813974999997,"children":null},"AgentAct":{"count":4196151,"self":347.21057279999997,"total":347.2105822,"children":null}},"gauges":{"Mouse.CumulativeReward":{"count":16301,"max":268.517853,"min":267.19635,"runningAverage":268.148865,"value":267.744049,"weightedAverage":267.80957},"Cat.CumulativeReward":{"count":16929,"max":10.11749,"min":-117.589569,"runningAverage":-78.98639,"value":-65.96135,"weightedAverage":-66.2205048}},"metadata":{"timer_format_version":"0.1.0","start_time_seconds":"1670791055","unity_version":"2021.3.11f1","command_line_arguments":"C:\\Program Files\\Unity\\Hub\\Editor\\2021.3.11f1\\Editor\\Unity.exe -projectpath M:\\Software Engineering\\SEB6\\Game Engines\\Projekte\\ml-Restart - MA-POCA -useHub -hubIPC -cloudEnvironment production","communication_protocol_version":"1.5.0","com.unity.ml-agents_version":"2.3.0-exp.3","scene_name":"Maces","end_time_seconds":"1670823238"}}