{"count":1,"self":3898.3626752,"total":52416.7980925,"children":{"InitializeActuators":{"count":105372,"self":1.4576942,"total":1.4576942,"children":null},"InitializeSensors":{"count":105372,"self":2.9017724,"total":2.9017725,"children":null},"AgentInfo.ToProto":{"count":105336,"self":1.2808135999999999,"total":6.2966314,"children":{"GenerateSensorData":{"count":105336,"self":3.5426572,"total":5.0158178,"children":{"RayPerceptionSensor.Perceive":{"count":263340,"self":1.4731606,"total":1.4731606,"children":null}}}}},"AgentSendState":{"count":6964251,"self":6648.5489664,"total":9563.865541,"children":{"CollectObservations":{"count":48968285,"self":128.5399936,"total":128.539994,"children":null},"WriteActionMask":{"count":48968285,"self":97.220108799999991,"total":97.2201066,"children":null},"RequestDecision":{"count":48968285,"self":442.4203776,"total":2689.5563235,"children":{"AgentInfo.ToProto":{"count":48968285,"self":309.7727744,"total":2247.1359432,"children":{"GenerateSensorData":{"count":48968285,"self":1307.2020479999999,"total":1937.363159,"children":{"RayPerceptionSensor.Perceive":{"count":121833537,"self":630.1611008,"total":630.1610893,"children":null}}}}}}}}},"DecideAction":{"count":6964251,"self":38387.2991232,"total":38387.300347899996,"children":null},"AgentAct":{"count":6964251,"self":556.6125568,"total":556.6125706,"children":null}},"gauges":{"Cat.CumulativeReward":{"count":52650,"max":11.2,"min":-72.09085,"runningAverage":-26.6712627,"value":-20.01271,"weightedAverage":-22.8084869},"Mouse.CumulativeReward":{"count":11333,"max":268.6938,"min":135,"runningAverage":154.505112,"value":135,"weightedAverage":135.184708}},"metadata":{"timer_format_version":"0.1.0","start_time_seconds":"1673009870","unity_version":"2021.3.11f1","command_line_arguments":"C:\\Program Files\\Unity\\Hub\\Editor\\2021.3.11f1\\Editor\\Unity.exe -projectpath M:\\Software Engineering\\SEB6\\Game Engines\\Projekte\\ml-Restart - MA-POCA -useHub -hubIPC -cloudEnvironment production","communication_protocol_version":"1.5.0","com.unity.ml-agents_version":"2.3.0-exp.3","scene_name":"MacesRemovedPenalty","end_time_seconds":"1673062286"}}