{"count":1,"self":2061.9634688,"total":57922.4717491,"children":{"InitializeActuators":{"count":42930,"self":0.30691609999999997,"total":0.30691609999999997,"children":null},"InitializeSensors":{"count":42930,"self":1.7855311999999999,"total":1.7855310999999998,"children":null},"AgentInfo.ToProto":{"count":42895,"self":0.21988359999999998,"total":32.5156561,"children":{"GenerateSensorData":{"count":42895,"self":0.8647229,"total":32.2957725,"children":{"RayPerceptionSensor.Perceive":{"count":85791,"self":0.24118509999999999,"total":0.24118509999999999,"children":null},"CameraSensor.GetCompressedObservation":{"count":21447,"self":31.189865599999997,"total":31.1898645,"children":null}}}}},"AgentSendState":{"count":3936201,"self":2957.7658367999998,"total":26940.095628,"children":{"CollectObservations":{"count":27048089,"self":24.617883199999998,"total":24.6178831,"children":null},"WriteActionMask":{"count":27048089,"self":23.83972,"total":23.839719499999998,"children":null},"RequestDecision":{"count":27048089,"self":93.79455999999999,"total":23933.872197099998,"children":{"AgentInfo.ToProto":{"count":27048089,"self":86.7251264,"total":23840.077635499998,"children":{"GenerateSensorData":{"count":27048089,"self":480.94361599999996,"total":23753.3525075,"children":{"RayPerceptionSensor.Perceive":{"count":52803591,"self":143.70234879999998,"total":143.7023446,"children":null},"CameraSensor.GetCompressedObservation":{"count":14170338,"self":23128.7062528,"total":23128.7065395,"children":null}}}}}}}}},"DecideAction":{"count":3936201,"self":28647.7549568,"total":28647.753656999997,"children":null},"AgentAct":{"count":3936201,"self":238.0493056,"total":238.0493027,"children":null}},"gauges":{"Cat.CumulativeReward":{"count":21429,"max":10.8316441,"min":-96.5256042,"runningAverage":-44.6763229,"value":-12.7200508,"weightedAverage":-42.18813},"Mouse.CumulativeReward":{"count":5965,"max":357.470367,"min":267.831848,"runningAverage":356.034424,"value":357.345276,"weightedAverage":357.281921}},"metadata":{"timer_format_version":"0.1.0","start_time_seconds":"1673004422","unity_version":"2021.3.11f1","command_line_arguments":"I:\\Unity\\2021.3.11f1\\Editor\\Unity.exe -projectpath I:\\Users\\Alex\\github\\CatAndMouse--Unity-ml-Agents -useHub -hubIPC -cloudEnvironment production","communication_protocol_version":"1.5.0","com.unity.ml-agents_version":"2.3.0-exp.3","scene_name":"Maces","end_time_seconds":"1673062345"}}