{"count":1,"self":84.0096832,"total":86.0994137,"children":{"InitializeActuators":{"count":24,"self":0.0021173999999999998,"total":0.0021173999999999998,"children":null},"InitializeSensors":{"count":24,"self":0.0049797999999999995,"total":0.0049797999999999995,"children":null},"AgentSendState":{"count":4070,"self":0.6214026,"total":0.67924449999999992,"children":{"CollectObservations":{"count":4884,"self":0.022750899999999998,"total":0.022750899999999998,"children":null},"WriteActionMask":{"count":4884,"self":0.0114957,"total":0.0114957,"children":null},"RequestDecision":{"count":4884,"self":0.0235953,"total":0.0235953,"children":null}}},"DecideAction":{"count":4070,"self":1.1552628999999999,"total":1.3106514,"children":{"RayPerceptionSensor.Perceive":{"count":12210,"self":0.15538849999999998,"total":0.15538849999999998,"children":null}}},"AgentAct":{"count":4070,"self":0.0917365,"total":0.0917365,"children":null}},"gauges":{"Mouse.CumulativeReward":{"count":6,"max":9195.32,"min":8386.254,"runningAverage":8790.776,"value":9195.231,"weightedAverage":8853.98},"Cat.CumulativeReward":{"count":6,"max":-1681.25757,"min":-1843.15649,"runningAverage":-1762.2229,"value":-1843.15649,"weightedAverage":-1774.86523}},"metadata":{"timer_format_version":"0.1.0","start_time_seconds":"1670835145","unity_version":"2021.3.11f1","command_line_arguments":"C:\\Program Files\\Unity\\Hub\\Editor\\2021.3.11f1\\Editor\\Unity.exe -projectpath M:\\Software Engineering\\SEB6\\Game Engines\\Projekte\\ml-Restart - MA-POCA -useHub -hubIPC -cloudEnvironment production","communication_protocol_version":"1.5.0","com.unity.ml-agents_version":"2.3.0-exp.3","scene_name":"MaceDebug","end_time_seconds":"1670835231"}}