{
    "name": "root",
    "gauges": {
        "Mouse.Policy.Entropy.mean": {
            "value": 1.4189382791519165,
            "min": 1.4189382791519165,
            "max": 1.4189382791519165,
            "count": 2
        },
        "Mouse.Policy.Entropy.sum": {
            "value": 28384.44140625,
            "min": 28384.44140625,
            "max": 28500.794921875,
            "count": 2
        },
        "Mouse.Environment.EpisodeLength.mean": {
            "value": 2.3329443147715905,
            "min": 2.3329443147715905,
            "max": 2.5963089052141193,
            "count": 2
        },
        "Mouse.Environment.EpisodeLength.sum": {
            "value": 13993.0,
            "min": 13993.0,
            "max": 14490.0,
            "count": 2
        },
        "Mouse.Step.mean": {
            "value": 39997.0,
            "min": 19999.0,
            "max": 39997.0,
            "count": 2
        },
        "Mouse.Step.sum": {
            "value": 39997.0,
            "min": 19999.0,
            "max": 39997.0,
            "count": 2
        },
        "Mouse.Policy.ExtrinsicBaselineEstimate.mean": {
            "value": 0.12270817905664444,
            "min": 0.12270817905664444,
            "max": 0.12270835041999817,
            "count": 2
        },
        "Mouse.Policy.ExtrinsicBaselineEstimate.sum": {
            "value": 736.003662109375,
            "min": 683.8536376953125,
            "max": 736.003662109375,
            "count": 2
        },
        "Mouse.Policy.ExtrinsicValueEstimate.mean": {
            "value": 0.12270817905664444,
            "min": 0.12270817905664444,
            "max": 0.12270835041999817,
            "count": 2
        },
        "Mouse.Policy.ExtrinsicValueEstimate.sum": {
            "value": 736.003662109375,
            "min": 683.8536376953125,
            "max": 736.003662109375,
            "count": 2
        },
        "Mouse.Environment.CumulativeReward.mean": {
            "value": -2.0056236032328236,
            "min": -2.0056236032328236,
            "max": -1.9241139700549517,
            "count": 2
        },
        "Mouse.Environment.CumulativeReward.sum": {
            "value": -12029.730372190475,
            "min": -12029.730372190475,
            "max": -10699.997787475586,
            "count": 2
        },
        "Mouse.Policy.ExtrinsicReward.mean": {
            "value": -2.0056236032328236,
            "min": -2.0056236032328236,
            "max": -1.9219560847396453,
            "count": 2
        },
        "Mouse.Policy.ExtrinsicReward.sum": {
            "value": -12029.730372190475,
            "min": -12029.730372190475,
            "max": -10687.997787237167,
            "count": 2
        },
        "Mouse.Environment.GroupCumulativeReward.mean": {
            "value": 0.0,
            "min": 0.0,
            "max": 0.002157885272433016,
            "count": 2
        },
        "Mouse.Environment.GroupCumulativeReward.sum": {
            "value": 0.0,
            "min": 0.0,
            "max": 12.0,
            "count": 2
        },
        "Mouse.IsTraining.mean": {
            "value": 1.0,
            "min": 1.0,
            "max": 1.0,
            "count": 2
        },
        "Mouse.IsTraining.sum": {
            "value": 1.0,
            "min": 1.0,
            "max": 1.0,
            "count": 2
        },
        "Cat.Policy.Entropy.mean": {
            "value": 1.4189382791519165,
            "min": 1.4189382791519165,
            "max": 1.4189382791519165,
            "count": 2
        },
        "Cat.Policy.Entropy.sum": {
            "value": 28384.44140625,
            "min": 28384.44140625,
            "max": 28384.44140625,
            "count": 2
        },
        "Cat.Environment.EpisodeLength.mean": {
            "value": 2.334,
            "min": 2.334,
            "max": 2.5965480043149944,
            "count": 2
        },
        "Cat.Environment.EpisodeLength.sum": {
            "value": 14004.0,
            "min": 14004.0,
            "max": 14442.0,
            "count": 2
        },
        "Cat.Step.mean": {
            "value": 39999.0,
            "min": 19998.0,
            "max": 39999.0,
            "count": 2
        },
        "Cat.Step.sum": {
            "value": 39999.0,
            "min": 19998.0,
            "max": 39999.0,
            "count": 2
        },
        "Cat.Policy.ExtrinsicBaselineEstimate.mean": {
            "value": -0.043889619410037994,
            "min": -0.043890975415706635,
            "max": -0.043889619410037994,
            "count": 2
        },
        "Cat.Policy.ExtrinsicBaselineEstimate.sum": {
            "value": -263.2938232421875,
            "min": -263.2938232421875,
            "max": -244.56051635742188,
            "count": 2
        },
        "Cat.Policy.ExtrinsicValueEstimate.mean": {
            "value": -0.043889619410037994,
            "min": -0.043890975415706635,
            "max": -0.043889619410037994,
            "count": 2
        },
        "Cat.Policy.ExtrinsicValueEstimate.sum": {
            "value": -263.2938232421875,
            "min": -263.2938232421875,
            "max": -244.56051635742188,
            "count": 2
        },
        "Cat.Environment.CumulativeReward.mean": {
            "value": -0.3898695420127925,
            "min": -0.4242172614919196,
            "max": -0.3898695420127925,
            "count": 2
        },
        "Cat.Environment.CumulativeReward.sum": {
            "value": -2338.8273825347424,
            "min": -2358.647973895073,
            "max": -2338.8273825347424,
            "count": 2
        },
        "Cat.Policy.ExtrinsicReward.mean": {
            "value": 1.6101304580219826,
            "min": 1.5736244649767017,
            "max": 1.6101304580219826,
            "count": 2
        },
        "Cat.Policy.ExtrinsicReward.sum": {
            "value": 9659.172617673874,
            "min": 8749.352025270462,
            "max": 9659.172617673874,
            "count": 2
        },
        "Cat.Environment.GroupCumulativeReward.mean": {
            "value": 2.0,
            "min": 1.997841726618705,
            "max": 2.0,
            "count": 2
        },
        "Cat.Environment.GroupCumulativeReward.sum": {
            "value": 11998.0,
            "min": 11108.0,
            "max": 11998.0,
            "count": 2
        },
        "Cat.IsTraining.mean": {
            "value": 1.0,
            "min": 1.0,
            "max": 1.0,
            "count": 2
        },
        "Cat.IsTraining.sum": {
            "value": 1.0,
            "min": 1.0,
            "max": 1.0,
            "count": 2
        }
    },
    "metadata": {
        "timer_format_version": "0.1.0",
        "start_time_seconds": "1671450074",
        "python_version": "3.9.9 (tags/v3.9.9:ccb0e6a, Nov 15 2021, 18:08:50) [MSC v.1929 64 bit (AMD64)]",
        "command_line_arguments": "C:\\Users\\Alex\\python-envs\\mlAgent-env\\Scripts\\mlagents-learn Joined.yaml --run-id=gravityNoInit02",
        "mlagents_version": "0.30.0",
        "mlagents_envs_version": "0.30.0",
        "communication_protocol_version": "1.5.0",
        "pytorch_version": "1.7.1+cu110",
        "numpy_version": "1.21.2",
        "end_time_seconds": "1671450459"
    },
    "total": 385.8269046,
    "count": 1,
    "self": 0.006582899999955316,
    "children": {
        "run_training.setup": {
            "total": 0.15460990000000008,
            "count": 1,
            "self": 0.15460990000000008
        },
        "TrainerController.start_learning": {
            "total": 385.6657118,
            "count": 1,
            "self": 0.15329560000060383,
            "children": {
                "TrainerController._reset_env": {
                    "total": 9.0939605,
                    "count": 1,
                    "self": 9.0939605
                },
                "TrainerController.advance": {
                    "total": 376.3129351999994,
                    "count": 5528,